{
  "mean": {
    "text_chars": 9394.60413080895,
    "text_tokens": 1479.8060814687321,
    "sentences": 154.22547332185886,
    "chars_per_token": 6.351670406833633,
    "long_note_flag": 0.9541021227768216,
    "kw_chronic_disease": 5.676993689041882,
    "kw_symptoms": 10.97877223178428,
    "kw_medications": 7.099254159495123,
    "kw_med_suffix_hits": 5.910212277682157,
    "total_labs": 419.34165232358004,
    "abnormal_lab_count": 152.69793459552497,
    "abnormal_lab_ratio": 0.33442907500851293,
    "diagnosis_count": 11.811531841652323,
    "diagnosis_unique_count": 4.880665519219736,
    "comorbidity_score": 11.811531841652323,
    "has_allergies_section": 0.8855421686746988,
    "has_medications_section": 0.9750430292598967,
    "has_brief_hospital_course": 0.7211703958691911,
    "negation_density": 0.012782444646149863,
    "age_at_admission": 60.030694205393,
    "gender_F": 0.4469305794606999,
    "gender_M": 0.5530694205393001,
    "eth_ASIAN": 0.01721170395869191,
    "eth_BLACK/AFRICAN AMERICAN": 0.09007458405048767,
    "eth_HISPANIC OR LATINO": 0.029259896729776247,
    "eth_OTHER": 0.08605851979345955,
    "eth_UNKNOWN/NOT SPECIFIED": 0.07687894434882386,
    "eth_WHITE": 0.7005163511187608,
    "ins_Government": 0.029546758462421115,
    "ins_Medicaid": 0.09466437177280551,
    "ins_Medicare": 0.5315547905909351,
    "ins_Private": 0.336201950659782,
    "ins_Self Pay": 0.008032128514056224,
    "adm_ELECTIVE": 0.14429145152036718,
    "adm_EMERGENCY": 0.770223752151463,
    "adm_NEWBORN": 0.060814687320711415,
    "adm_URGENT": 0.024670109007458405,
    "lang_ENGL": 0.5263912794033276,
    "lang_OTHER": 0.04618473895582329,
    "lang_RUSS": 0.013482501434308663,
    "lang_SPAN": 0.02438324727481354,
    "lang_UNKNOWN": 0.3895582329317269
  },
  "std": {
    "text_chars": 4698.043410311297,
    "text_tokens": 735.9003939525952,
    "sentences": 75.83907150710236,
    "chars_per_token": 0.22678154320066385,
    "long_note_flag": 0.20926361864783014,
    "kw_chronic_disease": 5.5406569804028525,
    "kw_symptoms": 9.099066377071455,
    "kw_medications": 6.464911649328583,
    "kw_med_suffix_hits": 5.395831895845683,
    "total_labs": 488.5675457165621,
    "abnormal_lab_count": 200.64449435952574,
    "abnormal_lab_ratio": 0.10731805742499552,
    "diagnosis_count": 6.405569337459028,
    "diagnosis_unique_count": 0.5104633400849522,
    "comorbidity_score": 6.405569337459028,
    "has_allergies_section": 0.3183665123306943,
    "has_medications_section": 0.15599397536950232,
    "has_brief_hospital_course": 0.4484235230126374,
    "negation_density": 0.005487021501868921,
    "age_at_admission": 22.93161098742284,
    "gender_F": 0.49717565970552396,
    "gender_M": 0.49717565970552396,
    "eth_ASIAN": 0.13005945258046514,
    "eth_BLACK/AFRICAN AMERICAN": 0.28628858405220997,
    "eth_HISPANIC OR LATINO": 0.1685341365217714,
    "eth_OTHER": 0.280450442974188,
    "eth_UNKNOWN/NOT SPECIFIED": 0.2663992722674638,
    "eth_WHITE": 0.45803186890654,
    "ins_Government": 0.1693332440095106,
    "ins_Medicaid": 0.2927507958822069,
    "ins_Medicare": 0.49900330178342733,
    "ins_Private": 0.47240893199889805,
    "ins_Self Pay": 0.0892614890397304,
    "adm_ELECTIVE": 0.3513850146755162,
    "adm_EMERGENCY": 0.42068886813556716,
    "adm_NEWBORN": 0.23899008583369213,
    "adm_URGENT": 0.1551176802592745,
    "lang_ENGL": 0.49930301458278376,
    "lang_OTHER": 0.20988498956191637,
    "lang_RUSS": 0.11532876306187685,
    "lang_SPAN": 0.15423587302294117,
    "lang_UNKNOWN": 0.4876500959569651
  }
}